永旺,油尖旺,尖沙咀店,九龍尖沙咀彌敦道100號The One LG1 & LG2,10:00 - 23:00,2673 6108,22.299783,114.172441,九龍
永旺,藍田,藍田店,九龍藍田啟田道啟田商場321-322號舖,08:30 - 22:30,2952 6822,22.307981,114.23505,九龍
永旺,將軍澳,將軍澳店,香港新界將軍澳唐德街1號將軍澳廣場二層2-021至2-066號舖及部份公眾走廊,08:30 - 22:30,2207 4770,22.308047,114.26256,新界
永旺,沙田,禾輋店,新界沙田?厚街3號禾輋村禾輋商場地下G1舖,08:30 - 22:30,2601 0280,22.387844,114.19492,新界
永旺,銅鑼灣,銅鑼灣店,香港銅鑼灣京士頓街9號名店坊地庫、1樓及部份地下,10:00 - 23:00,3769 6188,22.280194,114.185443,香港
Marketplace,九龍城,牛津道,九龍塘牛津道5號,每日上午八時至晚上十時,2338 3851,22.331097,114.180615,九龍
Marketplace,九龍城,中港薈,九龍友翔道1號中港薈地下高層UG36-38號鋪,每日上午十一時至晚上九時,2812 7973,22.309306,114.165718,九龍
Marketplace,油尖旺,?海城1期,九龍海輝道11號奧海城1期G02-03號舖,每日上午八時至晚上十時,2272 4169,22.319309,114.158257,九龍
Marketplace,油尖旺,朗豪坊,旺角亞皆老街8號朗豪坊B28號舖,每日上午八時至晚上十一時,3580 8952,22.318174,114.168597,九龍
Marketplace,油尖旺,尖沙咀柯士甸道,尖沙咀柯士甸道140-142號,每日上午八時三十分至晚上十一時,3580 1325,22.303184,114.174138,九龍
Marketplace,油尖旺,尖沙咀國際廣場,尖沙咀彌敦道63號 iSQUARE國際廣場LG08-13號舖,每日上午九時至晚上十一時,2641 4410,22.297027,114.171747,九龍
Marketplace,油尖旺,尖沙咀 K11,尖沙咀河內道18號K11地庫1樓B111-B121舖,每日上午九時至晚上十一時,3122 4066,22.297457,114.173642,九龍
Marketplace,油尖旺,中港城,九龍尖沙咀廣東道33號中港城一樓27號鋪,每日上午八時至晚上九時,3580 8140,22.299124,114.166423,九龍
Marketplace,油尖旺,漢口道,尖沙咀漢口道28號亞太中心地下2號舖及一樓A舖,每日上午八時至晚上十一時,2739 2320,22.297151,114.171286,九龍
Marketplace,美孚,美孚曼克頓山,美孚寶輪街1號曼坊1樓101號,每日上午八時至晚上十一時,2266 0459,,,九龍
Marketplace,觀塘,德福廣場,九龍灣德福廣場平台P27號舖,每日上午七時至晚上十一時,2117 4146,22.326665,114.207843,九龍
Marketplace,黃大仙,現崇山,黃大仙睦鄰街八號現崇山商場二樓二號鋪,每日上午八時至晚上十時,2451 8930,22.340665,114.197253,九龍
Marketplace,元朗,爾巒,元朗映河路1號爾巒商場地下2號舖,每日上午十一時至晚上九時,2537 9428,22.442783,114.054955,新界
Marketplace,元朗,溱柏,新界元朗公庵路68號溱柏地下E鋪,每日上午八時至晚上十時,2565 6629,22.429843,114.023234,新界
Marketplace,將軍澳,PopCorn,新界將軍澳唐俊街9號PopCorn地下G51號商舖,每日上午八時至晚上十一時,2752 1029,22.308365,114.261541,新界
Marketplace,屯門,屯門黃金海岸,屯門黃金海岸商場S1&R7號舖,每日上午八時至晚上十一時,2430 7022,,,新界
Marketplace,東涌,藍天海岸,東涌海濱路12號藍天海岸商場地下12號舖,每日上午八時至晚上十時半,2640 4832,22.292416,113.94604,新界
Marketplace,沙田,沙田,沙田樂景街28號御龍山103舖,每日上午八時至晚上十時,2416 9398,22.394139,114.198862,新界
Marketplace,沙田,迎海,新界馬鞍山烏溪沙路8號迎海薈地下1 號舖,每日上午八時至晚上十時,3401 9377,22.430522,114.241419,新界
Marketplace,荃灣,荃新天地二期,荃灣楊屋道18號荃新天地2期高層地下UG81號鋪,每日上午八時至晚上十時,2795 8272,22.3677,114.114344,新界
Marketplace,西貢,清水灣,清水灣地段253號牛奶公司購物商場地下,每日上午八時至晚上九時,2358 0542,,,新界
Marketplace,中環,中環盈置大廈,中環德輔道中77號盈置大廈地庫全層,"逢星期一至星期六   上午八時至晚上十時, 星期日及公眾假期   上午九時至晚上十時",3104 0652,22.28418,114.156498,香港
Marketplace,中環,怡和大廈,中環怡和大廈一樓101-109及120號舖,逢星期一至星期五   上午八時至晚上九時， 星期六，日及公眾假期   上午八時至晚上八時,3579 4564,22.279991,114.158798,香港
Marketplace,北角,模範里,北角英皇道734-738號地下,每日上午八時至晚上十一時三十分,2880 5550,22.291188,114.207922,香港
Marketplace,山頂,渣甸山,渣甸山白建時道5號1樓,每日上午八時至晚上十時,2577 0185,22.270691,114.191617,香港
Marketplace,山頂,梅道,山頂梅道12號嘉富麗園地庫,每日上午八時至晚上八時,2530 9876,22.274288,114.153272,香港
Marketplace,山頂,山頂,山頂道100號,每日上午八時至晚上八時,2849 7307,22.26821,114.1515451,香港
Marketplace,山頂,雲景道,雲景道33號一樓,每日上午八時至晚上十時,2571 3656,22.285681,114.196247,香港
Marketplace,淺水灣,淺水灣道,淺水灣道109號淺水灣購物中心G128號舖,每日上午八時至晚上十時,2812 0340,22.238975,114.1956996,香港
Marketplace,淺水灣,海灘道,淺水灣海灘道28號The Pulse L1樓 116號舖,每日上午九時至晚上八時,2595 1200,22.235973,114.197979,香港
Marketplace,西環,縉城峰,西營盤第二街縉城峰地下8號舖,每日上午八時至晚上十時,2915 7197,22.286187,114.141283,香港
Marketplace,銅鑼灣,永光苑,跑馬地黃泥涌道1號永光苑地下及二樓,每日上午八時至晚上十一時,2595 0255,22.26945,114.183744,香港
百佳,九龍城,御豪門,九龍九龍城沙浦道83號御豪門地下1號鋪,0800 - 2200,2718 2083,22.330922,114.192528,九龍
百佳,九龍城,君逸山,九龍何文田迦密村街9 號君逸山地下,0800 - 2200,2760 1791,22.313789,114.17927,九龍
百佳,九龍城,富榮花園,九龍海庭道 8 號富榮花園第2期地下66B號鋪,0800 - 2230,2907 1120,22.314508,114.165585,九龍
百佳,九龍城,塘尾道長輝大廈,九龍塘尾道22號長輝大廈地下A-C號鋪,0800 - 2100,2393 0662,22.319309,114.16627,九龍
百佳,九龍城,晴朗商場,"九龍, 九龍城, 晴朗商場1樓B101號商鋪",0800 - 2200,2790 3881,22.33066,114.192017,九龍
百佳,九龍城,竹園?,九龍黃大仙竹園道15 號竹園商場2樓S229號鋪,0730 - 2230,2726 2042,22.343992,114.194235,九龍
百佳,九龍城,馬頭涌道福安大廈,九龍土瓜灣馬頭涌道90-98號福安大廈地下,0800 - 2200,2712 0529,22.323973,114.188734,九龍
百佳,九龍城,衍慶街富源樓,九龍新蒲崗衍慶街21-29號富源樓地下,0800 - 2200,2320 1067,22.335398,114.194783,九龍
百佳,九龍城,鳳德?,九龍鳳德?鳳德商場2樓215室,0800 - 2230,2352 5275,,,九龍
百佳,九龍城,塘尾道好世界洋樓,九龍塘尾道197-199號世界洋樓地下5-7號鋪,0900 - 2130,2391 3638,22.336932,114.176337,九龍
百佳,九龍城,家維?,九龍紅磡馬頭圍道家維?家義樓低層地下1-2號鋪及家廉樓低層地下 1-6 號鋪,0800 - 2200,2994 5368,,,九龍
百佳,九龍城,樂富廣場,九龍橫頭磡樂富廣場1樓1214-1218 號鋪,0800 - 2230,2339 1733,,,九龍
百佳,九龍城,樂民新村,九龍土瓜灣樂民新村146及148鋪地下,0800 - 2200,2714 3351,22.317337,114.187969,九龍
百佳,九龍城,太子道民生商業大廈,九龍九龍城太子道西348-352號民生商業大廈地下,星期一至五及公眾假期：0730 - 2200,2718 4074,22.327553,114.187155,九龍
百佳,九龍城,白田?,九龍石硤尾白雲街白田?白田商場地下22號鋪,0900 - 2100,2776 9664,22.336831,114.167084,九龍
百佳,九龍城,坪石?,九龍牛池灣坪石?鑽石樓2樓201號鋪,0730 - 2230,2326 7225,,,九龍
百佳,九龍城,采頤花園,九龍彩虹道242號采頤花園地下880-892號商鋪,0800 - 2200,2327 7638,22.337252,114.202793,九龍
百佳,九龍城,石硤尾?,九龍石硤尾石硤尾?第二期服務設施大樓SQ05號鋪,0800 - 2300,2915 6911,22.33287,114.165699,九龍
百佳,九龍城,翠竹花園,九龍黃大仙翠竹花園商場408鋪,0800 - 2100,2329 5037,22.342962,114.192981,九龍
百佳,九龍城,慈正?,九龍慈雲山慈正?慈正二期慈正商場地下1號鋪,0800 - 2230,2321 9734,,,九龍
百佳,九龍城,偉琠,九龍土瓜灣美景街108號偉琠鷛s痟獄捰a下,0800 - 2230,2363 7913,22.317884,114.192167,九龍
百佳,九龍城,慈雲山中心,九龍慈雲山毓華街23號慈雲山中心1樓108號鋪,0700 - 2230,2194 7836,22.348217,114.200536,九龍
百佳,九龍城,馬頭角同南工業大廈,九龍馬頭角道40號同南工業大廈地下,0800 - 2230,2760 1522,,,九龍
百佳,九龍城,東頭?,九龍黃大仙東頭?第23座康東樓13-18號,0800 - 2200,2718 4071,,,九龍
百佳,九龍城,宏暉中心,九龍橫頭磡富美街橫頭磡?宏暉中心地下1號鋪,0800 - 2200,3165 1431,22.340641,114.186634,九龍
百佳,九龍城,黃大仙中心,九龍黃大仙黃大仙中心地庫B01號鋪,0800 - 2200,2320 8457,22.341391,114.19428,九龍
百佳,九龍城,馬坑涌中華大廈,九龍土瓜灣馬坑涌道3A-3C號中華大廈地下2至3 號鋪,0800 - 2230,2712 1899,22.319978,114.188462,九龍
百佳,九龍城,爵祿街,九龍新蒲崗爵錄街86號，康強街28號一樓B鋪.,0800 - 2200,2763 1200,,,九龍
百佳,九龍城,宏德居,香港柴灣道341-343號宏德居B座商場一樓,0800 - 2200,2563 6255,22.264087,114.239676,九龍
百佳,九龍城,黃埔花園第十二期,九龍紅磡黃埔花園第十二期新天地家居庭地庫2號,0800 - 2230,2365 7472,22.3039,114.1922,九龍
百佳,九龍城,黃埔花園第三期,九龍紅磡黃埔花園第3期地下26號鋪,0730 - 2230,2334 1254,22.3039,114.1922,九龍
百佳,大角咀,新九龍廣場,九龍大角咀新九龍廣場2樓105-126室,0800 - 2200,2398 2648,22.31965,114.162554,九龍
百佳,油塘,油麗商場,九龍油塘油塘道 9 號 油麗商場地下一號鋪,0800 - 2200,2412 7233,22.301285,114.236229,九龍
百佳,油尖旺,柯士甸道好兆年行,九龍尖沙咀柯士甸道好兆年行低層地下,0800 - 2200,2723 8107,22.303057,114.175152,九龍
百佳,油尖旺,渡船街富利來商場,九龍油麻地渡船街32-36號富利來商業大廈地下,0830 - 2200,2782 3104,22.307549,114.167637,九龍
百佳,油尖旺,別樹一居,九龍旺角太子道西171號別樹一居1樓,0800 - 2300,2994 0082,22.323949,114.169325,九龍
百佳,油尖旺,弼街,九龍旺角荔枝角道1號嘉業大廈地下F-G號鋪,0800 - 0000,2397 1164,22.322155,114.168463,九龍
百佳,油尖旺,富運商業大廈,九龍油麻地彌敦道573號富運商業中心地下,0800 - 2300,2332 1049,22.31486,114.170031,九龍
百佳,油尖旺,金雞廣場,九龍旺角洗衣街39-55號金雞廣場地下及1B地庫,0800 - 2400,2783 7846,22.318361,114.17173,九龍
百佳,油尖旺,勝利道康強大廈,九龍旺角勝利道14-14A號 康強大廈地下,0800 - 2200,2760 1969,22.319053,114.174832,九龍
百佳,油尖旺,佐敦薈,九龍彌敦道 233 號佐敦薈地庫,0800 - 2300,2735 8020,22.304906,114.171351,九龍
百佳,油尖旺,"廣東道, 金華大廈",九龍油麻地廣東道831號金華大廈F及G座地下,0800 - 2200,2750 2898,22.313149,114.168196,九龍
百佳,油尖旺,彌敦道健峰保險大廈,九龍旺角彌敦道789-793號健峰保險大廈地庫全層,0800 - 2230,2395 3811,22.325942,114.167756,九龍
百佳,油尖旺,怡安閣,九龍亞皆老街 124C-D 怡安閣15-16 地下,0800 - 2200,2713 2264,22.320286,114.176077,九龍
百佳,深水?,元州街東蘭閣,九龍深水?元州街280-288號東蘭閣A座,0830 - 2230,2708 9409,22.335598,114.159523,九龍
百佳,深水?,幸福?,九龍長沙灣幸福?幸福商場107號鋪,0830 - 2130,2361 8965,,,九龍
百佳,深水?,富昌?,九龍深水?西?路富昌商場地下1號鋪,0800 - 2230,2708 3051,,,九龍
百佳,深水?,海祥大廈,九龍大埔道72-74 號海祥大廈地下B 室,0800 - 2200,2779 2801,22.328965,114.166932,九龍
百佳,深水?,海麗?,九龍荔枝角海麗商場一樓106號鋪,0800 - 2200,3543 0524,,,九龍
百佳,深水?,順寧道日輝大廈,九龍長沙灣順寧道273號日輝大廈地下9-10號鋪,0830 - 2230,2708 4063,22.337319,114.158472,九龍
百佳,深水?,大同新?大公樓,九龍大角咀道107-127號大同新?大公樓地下4 號鋪,0800 - 2200,2576 7067,,,九龍
百佳,深水?,欽洲街永勝大廈,九龍深水?欽洲街116號永勝大廈G/F,0800 - 2230,2720 2364,,,九龍
百佳,深水?,偉智里金玉大廈,九龍深水?偉智里2號金玉大廈230號地庫全層,0800 - 2200,2798 6268,22.334579,114.167013,九龍
百佳,美孚,美孚新?,九龍美孚新?第七期地下N50 B鋪,0730 - 2230,2741 6578,22.337668,114.138383,九龍
百佳,美孚,美孚廣場,九龍美孚新?百老匯街69-119號第四期商場一樓,0800 - 2200,2742 2023,22.336414,114.141827,九龍
百佳,?枝角,?枝角,九龍?枝角道288號地下,0800 - 2200,2720 0631,22.327867,114.161573,九龍
百佳,荔枝角,盈暉家居城,九龍荔枝角景?徑8號盈暉臺盈暉家居城2樓,0830 - 2200,2274 7805,22.341795,114.137922,九龍
百佳,藍田,康田苑,"九龍藍田康田苑35, 37, 39, 41及43號鋪",0800 - 2200,2349 3548,,,九龍
百佳,藍田,德田商場,九龍藍田德田商場107號,0800 - 2200,2772 5642,,,九龍
百佳,藍田,匯景廣場,九龍藍田匯景廣場4樓401號,0800 - 2230,3151 7228,22.307019,114.233491,九龍
百佳,觀塘,其士商業中心,九龍九龍灣宏開道8號其士商業中心地下1-4號鋪,星期一至五  0730 - 2100星期六  0730 - 2000 星期日及公眾假期  0900 - 1900,3520 4186,22.321373,114.211286,九龍
百佳,觀塘,彩德?,九龍牛頭角彩德?彩德商場6樓601號鋪,0800 - 2200,2940 4209,22.322466,114.216759,九龍
百佳,觀塘,彩雲?,九龍牛池灣清水灣道45號彩雲?彩雲商場二期3樓A301-302號商鋪,0800 - 2200,2711 2238,22.333172,114.214334,九龍
百佳,觀塘,彩盈?,九龍牛頭角彩盈?彩盈坊2號鋪,0800 - 2200,2641 2675,,,九龍
百佳,觀塘,曉麗苑,九龍官塘秀茂坪曉麗苑曉麗商場233鋪,0800 - 2230,3526 0214,22.320858,114.229424,九龍
百佳,觀塘,樂華?,九龍牛頭角樂華北?樂華商場地下42號鋪,0800 - 2200,2756 4600,,,九龍
百佳,觀塘,麗晶花園,九龍九龍灣宏光道80號麗晶商場2樓218號鋪,0800 - 2200,2885 3192,22.330345,114.205814,九龍
百佳,觀塘,瑞和街,九龍官塘瑞和街42號地下,0700 - 2100,2343 0200,,,九龍
百佳,觀塘,順利?,九龍官塘順利?利康樓地下,0730 - 2230,2793 0486,22.330581,114.226107,九龍
百佳,觀塘,寶達商場,九龍秀茂坪寶達商場一樓116號鋪,0800 - 2200,2190 4163,,,九龍
百佳,鑽石山,荷李活廣場,九龍鑽石山荷李活廣場227A至227B,0800 - 2230,2955 9215,22.343873,114.20487,九龍
百佳,黃大仙,啟德花園,九龍黃大仙啟德花園二期地下28 號鋪,0730 - 2200,2997 8206,,,九龍
百佳,黃大仙,天馬苑,九龍黃大仙天馬苑商場F9號鋪,0800 - 2200,2351 0122,22.342868,114.186692,九龍
百佳, 將軍澳,新都城,新界將軍澳欣景路8號新都城第二期平台36-57鋪,0700 - 2300,3194 3690,22.323195,114.258186,新界
百佳, 將軍澳,都會?,新界將軍澳都會?2樓L2-S01及046-047號鋪,0800 - 2230,3543 5012,22.311936,114.256878,新界
百佳, 將軍澳,尚德?,新界 將軍澳 唐明街2號 尚德? 尚德商場 3樓 301號鋪,0800 - 2200,2715 1628,22.310416,114.256385,新界
百佳,元朗,金馬大廈,"新界元朗鳳翔路金馬大廈地下6-8, 16-26號",0800 - 2200,2477 1324,22.442495,114.03246,新界
百佳,元朗,好順福商場,新界元朗壽富街好順福商場地下95-96號鋪,0800 - 2200,3193 4710,22.445057,114.027199,新界
百佳,元朗,嘉湖山莊1期,新界天水圍嘉湖山莊1期商場地下1號,0800 - 2230,2445 1286,22.460642,114.0042,新界
百佳,元朗,御庭居,新界元朗馬田路80號御庭居地下 9-12 及 15-19 鋪,0800 - 2200,3147 0378,22.440604,114.02196,新界
百佳,元朗,天瑞商場,新界天水圍天瑞路9號天瑞商場2樓L101號鋪,0800 - 2200,2616 0228,22.456256,113.998406,新界
百佳,元朗,天耀商場,新界天水圍天湖路天耀?天耀商場1樓L109 及L110商鋪,0800 - 2200,2411 1366,22.452092,114.001674,新界
百佳,元朗,元朗廣場,元朗廣場3樓341-384號鋪,0800 - 2200,3158 0324,22.444364,114.024086,新界
百佳,元朗,頌富商場,新界天水圍天華路33號天富苑頌富廣場第2期2樓240-242號鋪,0800 - 2230,2486 4242,22.462461,113.997919,新界
百佳,元朗,嘉湖銀座,新界天水圍天恩路 12-18 號 嘉湖銀座置富嘉湖第1期2樓220號鋪,0800 - 2230,2617 0491,22.457015,114.004107,新界
百佳,北區,祥華?,新界粉嶺祥華?商場地下101號,0800 - 2200,2669 7988,22.491737,114.138477,新界
百佳,北區,清河?,新界上水清河?清河商場16號鋪,0800 - 2200,2672 0964,,,新界
百佳,北區,花都廣場,"新界粉嶺花都廣場商場地下5-12, 35-44號",0800 - 2200,2682 5801,,,新界
百佳,北區,天平?,新界上水天平?商場地下101號,0800 - 2200,2679 7884,22.503372,114.133632,新界
百佳,北區,綠悠軒,新界 粉嶺 馬適路3號 綠悠軒第3座1樓1-11號鋪,0900 - 2130,2947 9476,22.501452,114.145761,新界
百佳,北區,彩園廣場,新界上水彩園?彩園廣場地下G2號鋪,0800 - 2200,3124 0399,22.511201,114.126099,新界
百佳,北區,粉嶺名都,新界粉嶺 粉嶺車站路18號 粉嶺名都地下11-15號,0800 - 2200,2676 4972,22.492709,114.139395,新界
百佳,大埔,富亨?,新界大埔富亨?商場地下7號,0800 - 2200,2661 7101,22.442328,114.165521,新界
百佳,大埔,清泉雅居,新界大埔翠樂街6號清泉雅居地下9號,0900 - 2200,2664 7396,22.452609,114.164243,新界
百佳,大埔,大榮里,新界大埔大榮里16-22號歡樂樓地下,0800 - 2200,2651 2544,22.447366,114.16654,新界
百佳,大埔,新達廣埸,新界大埔新達廣場2樓131-140號,0800 - 2200,2656 0056,22.443385,114.169194,新界
百佳,大埔,大埔中心,"新界大埔中心商場1樓614-669, 673-678號",0800 - 2230,2660 7532,22.501118,114.141562,新界
百佳,大埔,太和?,新界大埔啟和路太和?太和商場1期2樓101號鋪,0800 - 2200,2651 1183,,,新界
百佳,將軍澳,景林?,新界將軍澳景林?景林商場42號地下,0800 - 2200,2703 6010,,,新界
百佳,將軍澳,明德?,新界將軍澳明德?明德商場16號地鋪,0800 - 2200,2623 6905,,,新界
百佳,將軍澳,寶琳?,新界將軍澳寶琳?寶琳商場地下101號地下,0800 - 2200,2701 4870,22.322511,114.257832,新界
百佳,將軍澳,翠林?,新界將軍澳翠林?翠林商場1樓132鋪,0800 - 2200,2702 0231,,,新界
百佳,將軍澳,茵怡花園,新界將軍澳貿泰路 8 號茵怡花園第1座地下5 號鋪,0900 - 2100,2715 5066,22.321592,114.256117,新界
百佳,將軍澳,厚德?,新界將軍澳厚德?厚德商場一樓123室,0730 - 2200,2704 7397,,,新界
百佳,屯門,寶怡花園,新界屯門寶怡花園商場地下15-20號,0800 - 2200,2463 2606,22.39083,113.972513,新界
百佳,屯門,卓爾居,新界屯門石排頭徑1號卓爾廣場2樓210號鋪,0800 - 2200,3549 6038,22.400403,113.973565,新界
百佳,屯門,富泰商場,新界屯門富泰商場一樓103鋪,0800 - 2230,2453 7100,22.413465,113.9833,新界
百佳,屯門,"龍門道,富健花園",新界屯門龍門道45號富健花園地下,0800 - 2200,2751 8278,22.382643,113.96587,新界
百佳,屯門,帝濤灣浪琴軒,新界屯門帝濤灣浪琴軒地庫2樓2號鋪,0900 - 2100,2565 7102,22.39083,113.972513,新界
百佳,屯門,海翠花園,新界屯門湖翠路168-236號海濱長廊 海翠花園    1樓34號鋪,0800 - 2200,2430 2350,22.372717,113.966088,新界
百佳,屯門,寶田?,新界屯門寶田?商場105鋪,0800 - 2200,2467 7376,22.39083,113.972513,新界
百佳,屯門,兆康苑,新界屯門兆康路2-22號兆康苑兆康商場1樓225號鋪,0800 - 2200,2464 2157,22.411962,113.977101,新界
百佳,屯門,兆麟苑,新界屯門兆麟苑商場13號,0800 - 2200,2441 5243,22.384592,113.976676,新界
百佳,屯門,新屯門中心,新界屯門龍門路55-65號新屯門中心3層161-165號鋪,0800 - 2200,2456 2040,22.381241,113.964383,新界
百佳,屯門,井財街,新界屯門井財街15號金銘大廈1樓B號鋪,0800 - 2200,2412 9281,,,新界
百佳,屯門,華都花園,"新界屯門屯利街1號華都花園3層2B-1B, 2B-1C, 2B-4, 2B-4A & 2B-5 號鋪",0800 - 2200,2404 1493,22.392344,113.978558,新界
百佳,屯門,仁愛堂賽馬會,新界屯門啟民徑18號仁愛堂賽馬會社區及體育中心地下,0830 - 2200,2459 6682,22.396449,113.975723,新界
百佳,屯門,良景?,新界屯門田景路31號良景商場四樓L414號鋪,0800 - 2230,2465 8773,,,新界
百佳,沙田,中文大學,新界沙田香港中文大學教職員中心地下,星期一至五：0830 - 2200星期六、日及公眾假期：0830 - 2100,2603 5432,22.420343,114.206741,新界
百佳,沙田,海景酒店,"新界沙田馬鞍山鞍駿街29號 海澄軒 - 海景酒店 L1, 3號鋪",1000 - 2100,2631 5739,22.426405,114.227315,新界
百佳,沙田,乙明?,新界沙田乙明?乙明街7號地下,0800 - 2200,2637 2014,22.376716,114.191696,新界
百佳,沙田,銀禧花園,新界沙田火炭銀禧花園商場3樓,0800 - 2200,2695 8235,22.398571,114.192943,新界
百佳,沙田,錦英苑,新界沙田馬鞍山錦英苑低層12號,0800 - 2200,2640 1285,22.427676,114.240275,新界
百佳,沙田,廣源商場,新界沙田廣源商場第二座5B鋪位,0800 - 2200,2144 5517,22.380656,114.215316,新界
百佳,沙田,利安?,新界沙田馬鞍山利安?商場地下107號,0800 - 2200,2631 0016,22.426994,114.241818,新界
百佳,沙田,碩門?,新界沙田安明街碩門?一號鋪,0800 - 2200,3153 2671,22.387077,114.208231,新界
百佳,沙田,穗禾苑,新界沙田穗禾路穗禾苑商場地下G17號鋪,0800 - 2200,2606 0300,22.391994,114.194363,新界
百佳,沙田,新翠?,新界沙田翠田街2 號新翠?街市地下L001號鋪,0800 - 2200,2762 2708,22.369206,114.183082,新界
百佳,沙田,新田圍?,新界沙田新田圍?新田圍商場4樓25號鋪,0800 - 2200,2605 9057,22.369826,114.186294,新界
百佳,沙田,大圍道,新界沙田大圍道49-53號地下至1樓 部份    ,0800 - 2200,2693 1619,22.375105,114.177575,新界
百佳,沙田,火炭威力工業中心,新界火炭拗背灣街2-12號威力工業中心低層地下G3號鋪,,3543 0713,,,新界
百佳,沙田,耀安?,沙田馬鞍山恆康街2號耀安商場2樓L201號商鋪,0800 - 2200,2480 3133,22.420415,114.23042,新界
百佳,沙田,愉翠苑,新界沙田愉翠苑愉翠商場一樓104號,0800 - 2200,2278 0046,,,新界
百佳,沙田,好運中心,新界沙田橫壆街1-15號好運中心3樓,0800 - 2230,2695 4896,22.383577,114.190124,新界
百佳,沙田,第一城一期,"新界沙田第一城銀城商場地下44, 48-50, 128號",0800 - 2230,2649 9987,22.386894,114.20305,新界
百佳,粉嶺,嘉福?,粉嶺嘉福?商場地下2號,0800 - 2200,2683 0299,22.491737,114.138477,新界
百佳,粉嶺,華心村,新界粉嶺一鳴路18號華心村華心商場地下R32及R33號商鋪,0800 - 2200,2450 1083,22.487908,114.14195,新界
百佳,荃灣,豪景花園,新界荃灣青龍頭青山公路-青龍頭段100號豪景花園第3期豪景花園商場地下,0800 - 2200,2491 1025,22.369912,114.114431,新界
百佳,荃灣,沙咀道滿樂大廈,新界荃灣沙咀道滿樂大廈福至樓地下155至165 號鋪,0800 - 2200,2469 3023,22.372323,114.112237,新界
百佳,荃灣,石圍角?,新界荃灣石圍角?商場326-329號鋪,0800 - 2200,3542 5408,22.369912,114.114431,新界
百佳,荃灣,荃景圍荃灣中心,新界荃灣荃景圍88號荃灣中心E31-E45號鋪,0800 - 2200,2411 6791,22.378817,114.108655,新界
百佳,荃灣,海灣花園,新界荃灣永順街38號海灣花園商場地下G01-06號鋪,0900 - 2100,2419 2913,22.364058,114.114153,新界
百佳,荃灣,麗城花園,新界荃灣麗城花園三期麗城薈街市M22至M69,0800 - 2200,2350 4010,22.369912,114.114431,新界
百佳,荃灣,愉景新城商場,新界荃灣青山公路398號愉景新城-購物商場第三層1-2及5-8 號鋪,0900 - 2200,3907 0224,,,新界
百佳,荃灣,創意無限,新界荃灣荃華街創意無限1樓F201號鋪,0800 - 2200,2406 1525,22.369095,114.120719,新界
百佳,葵涌,象山?,新界葵涌象山?西路象山?象山商場313-317號,0800 - 2100,2499 3324,22.37842,114.130901,新界
百佳,葵涌,祖堯?,新界葵涌祖堯?敬祖路6號D座D3-8鋪,0800 - 2200,2744 8045,22.345583,114.12835,新界
百佳,葵涌,好爵中心,新界葵芳葵益路2-10號好爵中心地下19-37號,0700 - 2300,2428 7716,22.406083,114.120154,新界
百佳,葵涌,麗瑤?,新界葵涌麗瑤?商場1-5號,0800 - 2100,2745 3185,22.35397,114.13112,新界
百佳,葵涌,禾塘咀街美涌大廈,新界葵涌禾塘咀街87-89號美涌大廈低層地下1號鋪,0900 - 2100,2611 9722,22.367467,114.1323,新界
百佳,葵涌,石籬?,新界葵涌石籬 第一    ?石籬購物中心1樓107號鋪,0800 - 2200,2421 9498,22.36685,114.130259,新界
百佳,葵涌,石蔭?,新界葵涌石蔭?石蔭商場1樓114號鋪,0800 - 2200,3523 1613,,,新界
百佳,葵涌,大窩口第2商場,新界葵涌石頭街大窩口第2商場5號鋪,0800 - 2200,2614 7190,22.366428,114.125046,新界
百佳,葵涌,痟滌茬,新界葵涌榮芳路9號痟滌茬1樓103-106號鋪,0800 - 2200,2405 1112,22.360465,114.127839,新界
百佳,西貢,西貢苑,"新界西貢福民路西貢苑15-16, 18-20, 28及30號地鋪",0800 - 2200,2791 1759,22.382472,114.272115,新界
百佳,西貢,科技大學,新界西貢清水灣清水灣道香港科技大學學術大樓地下,星期一至五、日：,2719 1463,,,新界
百佳,離島,東灣商業廣場,長洲東灣路 80 號東灣商業廣場地下,0800 - 2200,2981 7169,22.208481,114.029563,新界
百佳,離島,海傍街,長洲海傍街97A - 99號,0800 - 2230,2981 3169,22.207163,114.028739,新界
百佳,青衣,長宏?,新界青衣長宏?長宏商場6號鋪,0730 - 2230,2610 4160,22.347687,114.110697,新界
百佳,青衣,翠怡花園,新界青衣翠怡花園第一期商場地下 5 號鋪,0800 - 2200,2495 5016,,,新界
百佳,青衣,藍澄灣,"新界青衣青衣路1號藍澄灣商場L1, 3號鋪",0800 - 2230,3520 2410,22.342219,114.109777,新界
百佳,青衣,青怡花園,新界青衣青綠街7-19號青怡花園商場地下1號,0800 - 2200,2495 1131,22.35381,114.104424,新界
百佳,青衣,長發?,新界青衣長發?長發廣場3樓,0800 - 2200,2433 4260,22.347687,114.110697,新界
百佳,上環,均益大廈,香港干諾道西158A號均益大廈第3期一樓,0800 - 2230,2549 0078,22.288329,114.140484,香港
百佳,中環,中環大廈,香港中環擺花街23-39號中環大廈地下,0800 - 2200,2815 1450,22.282708,114.153663,香港
百佳,北角,北角城中心,香港北角英皇道250號道北角城中心地下2鋪,0730 - 2300,2104 2250,22.396428,114.109497,香港
百佳,北角,福蔭道海峰園,香港北角福蔭道1號海峰園南峰閣地下2A-2D號鋪,0830 - 2200,2578 7181,22.287887,114.19165,香港
百佳,北角,堡壘街景文樓,香港北角堡壘街19號景文樓地下,0800 - 2300,2566 1183,22.289882,114.196632,香港
百佳,北角,健威花園,香港健威花園地下上層U14A 號鋪,0800 - 2200,2563 7998,22.396428,114.109497,香港
百佳,北角,和富家居庭,香港北角和富中心家居庭地庫18號,0830 - 2230,2147 4167,22.288468,114.192803,香港
百佳,柴灣,富怡花園,香港小西灣小西灣道23號富怡花園平台 多層停車場    ,0830 - 2200,2897 3916,22.262735,114.251,香港
百佳,柴灣,興民?,香港柴灣興民?興民商場4樓420-423號鋪,0800 - 2200,2897 2073,22.396428,114.109497,香港
百佳,柴灣,興東?,香港西灣河興東?興東商場一樓101室,0800 - 2200,2535 6779,22.396428,114.109497,香港
百佳,柴灣,興華?,香港柴灣興華?興華商場地下G07A鋪,0800 - 2200,2505 2043,22.396428,114.109497,香港
百佳,柴灣,高威閣,香港柴灣道111號高威閣一樓B鋪,0800 - 2200,2353 1238,22.266044,114.233966,香港
百佳,柴灣,宏德居,香港柴灣怡盛街1號宏德居一座地下,0730 - 2200,2897 1687,22.264638,114.238527,香港
百佳,灣仔,集成中心,香港灣仔軒尼詩道 302-308 號集成中心地庫,0800 - 2230,2893 9466,22.277834,114.177829,香港
百佳,筲箕灣,愛蝶灣,香港愛禮街 2 號愛蝶灣 1 樓 60 號鋪,0800 - 2200,2760 1060,22.281055,114.228716,香港
百佳,筲箕灣,錦華大樓,香港筲箕灣金華街2-18號錦華大樓1樓,0800 - 2130,2885 3271,22.277727,114.229751,香港
百佳,筲箕灣,小西灣商場,香港小西灣小西灣商場2樓211A 鋪,0800 - 2200,3741 1054,22.396428,114.109497,香港
百佳,筲箕灣,天悅筲箕灣廣場,香港筲箕灣道360A號天悅筲箕灣廣場2樓部分,0800 - 2200,2795 8891,22.396428,114.109497,香港
百佳,筲箕灣,藍灣半島,香港小西灣28號藍灣半島商場1樓1A號鋪,0800 - 2200,2248 5929,22.396428,114.109497,香港
百佳,薄扶林,置富花園,香港薄扶林置富花園商場二樓201-202室,0800 - 2200,2550 8591,22.396428,114.109497,香港
百佳,西灣河,利基大廈,香港西灣河西灣河街129-133 號利基大廈地下,0700 - 2200,2513 8219,22.281325,114.221652,香港
百佳,西灣河,港島東18,香港西灣河成安街18-36號港島東18地下G03B - G06A號鋪,0800 - 2200,2967 8633,22.281301,114.221166,香港
百佳,西環,長發大廈,香港石塘咀山道7-9 號長發大廈地下,0730 - 2200,2975 4186,22.286335,114.135607,香港
百佳,西環,僑發大廈,"香港皇后大道西115,117 & 119 號 僑發大廈地鋪",0800 - 2200,2857 3316,22.396428,114.109497,香港
百佳,西環,西園,香港西營盤第一街84-84A號西園地下80號鋪,0800 - 2200,2546 8503,22.286536,114.141519,香港
百佳,西環,卑路乍街,香港堅尼地城卑路乍街17-35號 及堅尼地城海旁36-38號A及B鋪,0800 - 2230,2816 6655,22.283718,114.130323,香港
百佳,西環,士美菲路,香港士美菲路45-51號地下及地庫,0800 - 2200,2818-4792,22.281674,114.128129,香港
百佳,銅鑼灣,浣紗花園,香港大坑浣紗街33-45號浣紗花園地下5-7號鋪,0830 - 2230,2504 0089,22.278278,114.193214,香港
百佳,香港仔,石排灣?,香港仔石排灣?石排灣商場2號鋪,0800 - 2230,2294 9327,22.396428,114.109497,香港
百佳,香港仔,田灣?,香港香港仔田灣街田灣?田灣商場1樓106號鋪,0800 - 2200,2873 2438,22.250072,114.14963,香港
百佳,香港仔,華貴?,香港香港仔華隆徑華貴?華貴商場地下14號鋪,0800 - 2230,2550 9832,22.249649,114.139219,香港
百佳,香港仔,香港仔中心,香港香港仔南寧街13-23號香港仔中心地下,0700 - 2300,2873 4105,22.248275,114.15445,香港
百佳,?魚涌,?魚涌海山樓,香港?魚涌英皇道1028號海山樓地下01鋪,0800 - 2200,3904 1040,22.284186,114.211963,香港
百佳,?魚涌,康怡廣場,香港?魚涌康山道康怡廣場閣樓,0800 - 2200,2967 5904,22.284541,114.216943,香港
百佳,鴨?洲,鴨?洲?,香港鴨?洲鴨?洲橋道鴨?洲?多層停車場地下4號鋪,0800 - 2230,2814 1041,22.244455,114.151398,香港
百佳,鴨?洲,鴨?洲大街,香港鴨?洲鴨?洲大街145號僑民大廈1號鋪,0800 - 2230,2518 3349,22.243408,114.1542,香港
百佳,鴨?洲,利東?,香港鴨?洲利東?道利東?利東商場第1期地下101號鋪,0800 - 2230,2871 1620,22.241971,114.156061,香港
百佳,鴨?洲,海怡半島,香港鴨?洲海怡半島海怡廣場西翼一樓124室,0800 - 2230,2580 6503,22.243373,114.147651,香港
惠康,九龍城,舂磡角,香港舂磡角道39號地下   ,08:00-23:00,,22.219839,114.203712,九龍
惠康,九龍城,牛津道,九龍九龍塘牛津道3號   ,08:00-23:00,,22.330808,114.180596,九龍
惠康,九龍城,又一村,九龍又一村又一樓雀橋街地下4 & 6號   ,08:00-23:00,,,,九龍
惠康,九龍城,真善美村,九龍土瓜灣真善美村志真樓地下29-37號舖   ,08:00-23:00,,22.317337,114.187969,九龍
惠康,九龍城,土瓜灣道1,九龍土瓜灣道341-343號地下   ,08:00-23:00,,22.318256,114.191535,九龍
惠康,九龍城,土瓜灣道2,九龍土瓜灣道39-41號地下及1樓   ,08:00-23:00,,22.318421,114.188795,九龍
惠康,九龍城,土瓜灣道3,九龍土瓜灣道唯一大廈地下A，B號舖   ,08:00-23:00,,22.315774,114.188719,九龍
惠康,九龍城,樂民新村,九龍土瓜灣高山道109號樂民新村樂智樓地下   ,08:00-23:00,,22.315239,114.186429,九龍
惠康,九龍城,愛民村,九龍愛民村商場G38   ,08:00-23:00,,,114.179606,九龍
惠康,九龍城,慈雲山中心,九龍慈雲山毓華街慈雲山購物中心五樓531-535 及 537-538 號舖   ,08:00-23:00,,22.347175,114.202891,九龍
惠康,九龍城,慈雲山1,九龍慈雲山永發大廈地下   ,08:00-23:00,,22.31417,114.168047,九龍
惠康,九龍城,慈雲山2,九龍慈雲山翠鳳街道5-15號 LG/F   ,08:00-23:00,,,,九龍
惠康,九龍城,新蒲崗,九龍新蒲崗崇齡街2-12號   ,08:00-23:00,,22.335997,114.196326,九龍
惠康,九龍城,樂富,九龍橫頭磡樂富購物中心1樓F1室   ,08:00-23:00,,22.338026,114.187022,九龍
惠康,九龍城,畢架山,九龍畢架山龍平路9-13號購物中心E   ,08:00-23:00,,,,九龍
惠康,九龍城,駿發花園,九龍眾坊街3號駿發花園5座地下1-11號   ,08:00-23:00,,22.310082,114.168676,九龍
惠康,九龍城,紅磡商業中心,九龍紅磡商業中心地下   ,08:00-23:00,,22.305566,114.188723,九龍
惠康,九龍城,源成大?,九龍紅磡機利士南路9-21號源成大?地下   ,08:00-23:00,,22.306607,114.183852,九龍
惠康,九龍城,聯盛大廈,九龍紅磡湖光街1-7號聯盛大廈地下10C-10G   ,08:00-23:00,,22.306235,114.186425,九龍
惠康,九龍城,譚公大廈,九龍譚公道53號譚公大廈地下E室   ,08:00-23:00,,22.322299,114.188126,九龍
惠康,九龍城,祥雲大廈,九龍馬坑涌道8-10號祥雲大廈地下B室   ,08:00-23:00,,22.319652,114.188527,九龍
惠康,九龍城,中華商場,九龍馬頭角馬坑涌道 5D-5F 中華商場地下 5 號舖   ,08:00-23:00,,22.319469,114.189505,九龍
惠康,大角咀,大角咀,九龍大角咀塘尾52號地下   ,08:00-23:00,,22.320759,114.166061,九龍
惠康,大角咀,港灣豪庭超級廣場,九龍大角咀福利街 8 號港灣豪庭廣場 1 樓 125 舖   ,08:00-23:00,,22.324539,114.160445,九龍
惠康,大角咀,大同,九龍大角咀道119號大同新村大公樓一樓   ,08:00-23:00,,22.321696,114.161727,九龍
惠康,油塘,鯉魚門廣場,油塘鯉魚門道鯉魚門廣場 1 樓 123 & 124 舖   ,08:00-23:00,,22.29632,114.239411,九龍
惠康,油尖旺,海景閣,九龍上海街438-444號地下   ,08:00-23:00,,22.315321,114.169108,九龍
惠康,油尖旺,佐敦道,九龍佐敦道37J   ,08:00-23:00,,22.305806,114.168909,九龍
惠康,油尖旺,太子道,九龍太子道388-390號地下   ,08:00-23:00,,22.32764,114.188688,九龍
惠康,油尖旺,海港城,九龍尖沙咀海港城3樓3231-3233號   ,08:00-23:00,,22.297083,114.167384,九龍
惠康,油尖旺,亞太中心,九龍尖沙咀漢口道28號亞太中心地庫 A室   ,08:00-23:00,,22.297151,114.171286,九龍
惠康,油尖旺,金巴利道,九龍尖沙咀金巴利道53-54號地下   ,08:00-23:00,,22.300984,114.174504,九龍
惠康,油尖旺,彌敦道,九龍彌敦道317-321號地下   ,08:00-23:00,,22.30625,114.171638,九龍
惠康,油尖旺,新世紀廣場L,"九龍旺角太子道西193號新世紀廣場L7, 732-738號舖   ",08:00-23:00,,22.323074,114.171998,九龍
惠康,油尖旺,仁安大廈,九龍旺角廣華街1號仁安大廈地下6號舖   ,08:00-23:00,,22.315992,114.172263,九龍
惠康,油尖旺,華比銀行大廈,九龍旺角彌敦道 721-725 號華比銀行大廈地庫   ,08:00-23:00,,22.321113,114.16874,九龍
惠康,油尖旺,海富超級廣場,九龍旺角海宏道海富苑海富購物中心2號舖   ,08:00-23:00,,22.320365,114.169773,九龍
惠康,油尖旺,柯士甸道,九龍柯士甸道45-53號地下   ,08:00-23:00,,22.303298,114.169971,九龍
惠康,油尖旺,窩打老道2,九龍油麻地窩打老道40號地下   ,08:00-23:00,,22.312792,114.171016,九龍
惠康,深水?,南昌街,九龍南昌街223-237號地下102室   ,08:00-23:00,,22.334072,114.16736,九龍
惠康,深水?,大坑東,九龍大坑東村東龍樓地下4-10號   ,08:00-23:00,,22.331893,114.171233,九龍
惠康,深水?,太子中心,九龍大埔道70號太子中心地下3-9及11號   ,08:00-23:00,,22.328556,114.167215,九龍
惠康,深水?,翠雲,九龍深水?元州街155-163號翠雲大廈地下   ,08:00-23:00,,22.33423,114.160533,九龍
惠康,深水?,南昌?,九龍深水?南昌村昌逸樓 地下 14-22 號舖   ,08:00-23:00,,22.325912,114.15708,九龍
惠康,深水?,快樂大廈,九龍深水?大埔道220-230號快樂大廈地下   ,08:00-23:00,,22.332496,114.164399,九龍
惠康,深水?,西九龍中心,九龍深水?欽洲街西九龍中心4樓   ,08:00-23:00,,,,九龍
惠康,深水?,福榮街,九龍深水?福榮街520-530號地下   ,08:00-23:00,,22.339329,114.153554,九龍
惠康,深水?,金碧閣,九龍窩打老道84號E金碧閣   ,08:00-23:00,,,,九龍
惠康,深水?,元洲村,九龍長沙灣元洲村購物中心地下   ,08:00-23:00,,22.335806,114.149489,九龍
惠康,深水?,麗寶花園,九龍順寧道麗寶花園地下4號   ,08:00-23:00,,22.340283,114.15531,九龍
惠康,深水?,昇悅居,長沙灣荔枝角道 833 號昇悅居購物商場 1 樓   ,08:00-23:00,,22.334654,114.149169,九龍
惠康,美孚,美孚,"九龍美孚新村第二期吉利徑7A, 39-45號   ",08:00-23:00,,,,九龍
惠康,藍田,啟田,九龍藍田啟田村啟田商場1樓104號   ,08:00-23:00,,22.307981,114.23505,九龍
惠康,藍田,平田,九龍藍田平田村平田購物中心一樓101號   ,08:00-23:00,,22.306855,114.232733,九龍
惠康,藍田,廣田,九龍藍田廣田村廣田商場地下6室   ,08:00-23:00,,,,九龍
惠康,藍田,興田,九龍藍田興田村興田商場地下 101 號舖   ,08:00-23:00,,,,九龍
惠康,觀塘,彩虹,九龍彩虹村金碧樓地下5-9號   ,08:00-23:00,,22.335265,114.205405,九龍
惠康,觀塘,企業廣場5期,九龍灣宏照道 38 企業廣場 5 期七樓一號舖   ,08:00-23:00,,22.319839,114.208129,九龍
惠康,觀塘,麗晶花園,九龍灣麗晶花園21座地下C1號   ,08:00-23:00,,22.329104,114.207874,九龍
惠康,觀塘,彩雲,九龍牛池灣瓊東街2號新麗花園地下   ,08:00-23:00,,22.340602,114.209595,九龍
惠康,觀塘,安基,九龍牛頭角安基苑商業中心地下及1樓   ,08:00-23:00,,22.322466,114.216759,九龍
惠康,觀塘,淘大廣場,九龍牛頭角道77號淘大廣場第3期地下309-336號舖   ,08:00-23:00,,22.324681,114.215743,九龍
惠康,觀塘,宜安街,九龍觀塘宜安街22-26號地下   ,08:00-23:00,,22.315055,114.223358,九龍
惠康,觀塘,翠屏,九龍觀塘翠屏村翠屏商場地下9室   ,08:00-23:00,,,,九龍
惠康,觀塘,順利村,九龍順利村商業中心1樓   ,08:00-23:00,,22.318567,114.179606,九龍
惠康,觀塘,順天村,九龍順天村天啟樓208-211室   ,08:00-23:00,,22.318567,114.179606,九龍
惠康,觀塘,順寧道,九龍順寧道253-263號地下   ,08:00-23:00,,22.337036,114.15885,九龍
惠康,觀塘,秀茂坪廣場超級廣場,觀塘秀茂坪村秀茂坪購物商場 1 樓 102 舖   ,08:00-23:00,,,,九龍
惠康,鑽石山,龍蟠苑,九龍鑽石山龍蟠苑購物中心地下110號   ,08:00-23:00,,22.343873,114.20487,九龍
惠康,黃大仙,保安道,九龍李鄭屋村李鄭屋購物中心地下102號   ,08:00-23:00,,22.338582,114.158517,九龍
惠康,黃大仙,竹園購物中心,九龍竹園購物中心1樓S101號   ,08:00-23:00,,22.318567,114.179606,九龍
惠康,元朗,嘉誠,元朗元朗市274地段教育路嘉誠大廈地下   ,08:00-23:00,,,,新界
惠康,元朗,加州花園,元朗加州花園地下20號   ,08:00-23:00,,22.486816,114.053725,新界
惠康,元朗,合益中心  ,元朗合益道31-47號合益中心   ,08:00-23:00,,22.441687,114.031006,新界
惠康,元朗,天慈,元朗天水圍天慈村天慈購物中心地下1號   ,08:00-23:00,,22.460642,114.0042,新界
惠康,元朗,翠湖居,元朗天水圍天瑞路8號翠湖居地下1-4號   ,08:00-23:00,,22.458669,113.999819,新界
惠康,元朗,頌富2,元朗天水圍頌富苑頌富商場1樓122號   ,08:00-23:00,,,,新界
惠康,元朗,朗屏,元朗朗屏村朗屏商業中心第2期201室   ,08:00-23:00,,22.444538,114.022208,新界
惠康,元朗,翠珊園,元朗洪水橋翠珊園124地段2-3號地下   ,08:00-23:00,,,,新界
惠康,元朗,錦田,元朗錦田錦田戲院大廈地下   ,08:00-23:00,,22.439684,114.066659,新界
惠康,元朗,光華中心,元朗阜財街 38 號光華中心1樓   ,08:00-23:00,,22.444019,114.029939,新界
惠康,元朗,天澤超級廣場,天水圍天澤商場2樓204號舖   ,08:00-23:00,,22.468402,113.998676,新界
惠康,元朗,天耀,新界元朗天水圍天耀商業中心地下3號   ,08:00-23:00,,22.460642,114.0042,新界
惠康,元朗,屏薈,新界元朗屏薈中心地下31室   ,08:00-23:00,,,114.120154,新界
惠康,元朗,萬金,"新界元朗水車館街28號萬金中心地下 3, 5-14, 17-18號舖   ",08:00-23:00,,22.445178,114.031488,新界
惠康,元朗,天晴,新界天水圍天晴?天晴商場地下6號舖   ,08:00-23:00,,,,新界
惠康,北區,彩園超級廣場,上水彩園村彩園購物中心 16-18 號舖   ,08:00-23:00,,22.316663,113.936731,新界
惠康,北區,新豐2,上水新豐路130-132號地庫   ,08:00-23:00,,22.503438,114.126677,新界
惠康,北區,翠麗,上水新豐路翠麗花園商場25-29室   ,08:00-23:00,,,,新界
惠康,北區,威尼斯,新界上水威尼斯花園地下   ,08:00-23:00,,22.49753,114.127419,新界
惠康,北區,上水超級廣場,新界上水智昌路9號上水名都中心地下15及17號舖   ,08:00-23:00,,22.500954,114.131957,新界
惠康,北區,沙頭角,新界沙頭角村25-27座地下1-4號   ,08:00-23:00,,22.545668,114.224584,新界
惠康,北區,深井,新界深井青山公路陳記商業大廈地下至2樓   ,08:00-23:00,,22.366525,114.058729,新界
惠康,北區,粉嶺中心,新界粉嶺中心2期1樓243-244號   ,08:00-23:00,,22.499775,114.144285,新界
惠康,北區,碧湖花園,新界粉嶺碧湖花園上層31號   ,08:00-23:00,,22.4874,114.143312,新界
惠康,北區,華明,新界粉嶺華明村華明商場地下   ,08:00-23:00,,,,新界
惠康,北區,帝庭軒,粉嶺帝庭軒第1期1樓35號舖   ,08:00-23:00,,22.491737,114.138477,新界
惠康,北區,聯和,粉嶺聯和道65-73號錦福大廈11及12號   ,08:00-23:00,,22.499012,114.143865,新界
惠康,北區,花都廣場超級廣場,粉嶺花都廣場地下132號舖   ,08:00-23:00,,22.484829,114.141795,新界
惠康,大埔,八號花園,大埔八號花園第1期地下   ,08:00-23:00,,22.499084,114.076379,新界
惠康,大埔,富善街,大埔墟富善街6-14號1樓   ,08:00-23:00,,,,新界
惠康,大埔,大元,大埔大元村大元商業中心1樓   ,08:00-23:00,,22.442328,114.165521,新界
惠康,大埔,寶湖花園,"大埔寶湖道3號,寶湖花園商場二樓 227F   ",08:00-23:00,,22.449613,114.168056,新界
惠康,大埔,新興花園,大埔新興花園地下S1-28室   ,08:00-23:00,,22.454084,114.172923,新界
惠康,大埔,運頭塘2,新界大埔運頭塘村13號地下   ,08:00-23:00,,22.442313,114.166995,新界
惠康,大埔,嘉豐花園,新界大埔露輝路 33號嘉豐花園地庫   ,08:00-23:00,,22.463646,114.195706,新界
惠康,將軍澳,將軍澳中心,將軍澳唐德街九號將軍澳中心地庫第一層   ,08:00-23:00,,22.307181,114.257187,新界
惠康,將軍澳,彩明,將軍澳彩明購物商場新翼 249-252 舖   ,08:00-23:00,,,,新界
惠康,將軍澳,都會豪庭,"將軍澳都會豪庭 1 樓 132, 132A 及133-134號舖   ",08:00-23:00,,22.322381,114.257139,新界
惠康,將軍澳,南豐廣場,新界將軍澳培成道8號南豐廣場一樓B222號舖   ,08:00-23:00,,22.314367,114.263453,新界
惠康,將軍澳,海悅豪園,新界將軍澳海悅豪園購物中心16-18號舖   ,08:00-23:00,,22.311936,114.256878,新界
惠康,將軍澳,尚德,將軍澳尚德村尚德購物中心2樓205室   ,08:00-23:00,,22.310641,114.257676,新界
惠康,屯門,睆眭廑,屯門三聖村睆眭廑敿茬鶪G樓204號   ,08:00-23:00,,22.39083,113.972513,新界
惠康,屯門,友愛,屯門友愛村愛勇樓地下   ,08:00-23:00,,22.387588,113.974673,新界
惠康,屯門,大興,屯門大興村第二期商場43-53號1樓   ,08:00-23:00,,,,新界
惠康,屯門,大興花園1,屯門大興花園2期購物商場地下1號   ,08:00-23:00,,22.402568,113.96988,新界
惠康,屯門,建生,屯門建生購物中心207室1樓   ,08:00-23:00,,22.39083,113.972513,新界
惠康,屯門,屯門時代廣場,屯門時代廣場北翼第二層18號舖   ,08:00-23:00,,,,新界
惠康,屯門,康麗,屯門河傍街鄉事會屯門巴黎倫敦紐約電影中心48號地下   ,08:00-23:00,,,,新界
惠康,屯門,置樂,屯門置樂花園商場地下   ,08:00-23:00,,22.39083,113.972513,新界
惠康,屯門,良景2超級廣場,屯門良景村良景樓購物中心305號   ,08:00-23:00,,22.39083,113.972513,新界
惠康,屯門,福亨,屯門藍地，福亨村路8號，豫豐花園商場地下   ,08:00-23:00,,22.419439,113.98504,新界
惠康,屯門,蝴蝶超級廣場,屯門蝴蝶村商場2樓   ,08:00-23:00,,22.380831,113.968268,新界
惠康,屯門,新墟,屯門金堡大廈地下9室   ,08:00-23:00,,,,新界
惠康,屯門,華樂,屯門青山坊 2 號華樂大廈地下   ,08:00-23:00,,22.388789,113.979331,新界
惠康,屯門,黃金海岸,屯門黃金海岸商場 S1&SR7號舖   ,08:00-23:00,,,,新界
惠康,屯門,富健花園,屯門龍門路富健花園地下 88 號舖   ,08:00-23:00,,22.382643,113.96587,新界
惠康,屯門,海典軒,新界屯門海珠路2號海典軒購物商場地下 20-25號舖   ,08:00-23:00,,22.383719,113.971861,新界
惠康,屯門,山景,新界山景村商業中心第1期119-120室   ,08:00-23:00,,,114.120154,新界
惠康,山頂,和福道,香港山頂和福道2-4號1樓   ,08:00-23:00,,22.265573,114.161466,新界
惠康,沙田,廣源,新界沙田廣源村廣源購物中心1樓CB4/13室   ,08:00-23:00,,22.37713,114.19744,新界
惠康,沙田,沙田花園城,新界沙田花園城商場1樓5號   ,08:00-23:00,,22.379825,114.229959,新界
惠康,沙田,新港城,新界沙田馬鞍山新港城中心地下街市S81號   ,08:00-23:00,,22.421884,114.232272,新界
惠康,沙田,琣w,新界馬鞍山琣w村商業中心2號227-231室   ,08:00-23:00,,22.417319,114.225701,新界
惠康,沙田,錦泰,新界馬鞍山錦泰苑購物中心地下9號舖   ,08:00-23:00,,22.407871,114.220156,新界
惠康,沙田,沙田廣場,"沙田中心街21-27號沙田廣場低座1, 24及25號舖   ",08:00-23:00,,,,新界
惠康,沙田,博康,沙田博康村第一期商業中心126室   ,08:00-23:00,,,114.19744,新界
惠康,沙田,大圍,沙田大圍積富街33號積富樓地下   ,08:00-23:00,,22.374846,114.178266,新界
惠康,沙田,美田,沙田大圍美田?購物商場1樓101號   ,08:00-23:00,,,,新界
惠康,沙田,愉田苑,沙田愉田苑11-23號地下   ,08:00-23:00,,22.38284,114.202542,新界
惠康,沙田,沙角2,沙田沙角村商業中心2樓36室   ,08:00-23:00,,22.37713,114.19744,新界
惠康,沙田,禾輋,沙田禾輋村禾輋商業中心二樓231號   ,08:00-23:00,,22.37713,114.19744,新界
惠康,沙田,秦石,沙田秦石村購物中心1樓28號   ,08:00-23:00,,22.37713,114.19744,新界
惠康,沙田,美林,沙田美林村商業中心地下29-32室   ,08:00-23:00,,,114.176143,新界
惠康,沙田,隆亨超級廣場,沙田隆亨村商業中心1樓115室   ,08:00-23:00,,22.37713,114.19744,新界
惠康,沙田,富寶花園,沙田馬鞍山富寶花園購物商場1樓F14室   ,08:00-23:00,,22.424849,114.239499,新界
惠康,沙田,新港城超級廣場,沙田馬鞍山新港城3樓3066號舖   ,08:00-23:00,,22.424164,114.231806,新界
惠康,沙田,頌安,沙田馬鞍山頌安村頌安購物中心地下8號   ,08:00-23:00,,22.427676,114.240275,新界
惠康,荃灣,大窩口,新界荃灣大窩口村商場 2 樓 C7 號舖   ,08:00-23:00,,,,新界
惠康,荃灣,樂悠居,楊屋道138號樂悠居1樓   ,08:00-23:00,,22.366301,114.118179,新界
惠康,荃灣,荃灣中心,荃景圍87-105號荃灣中心二期地下8-13號舖   ,08:00-23:00,,22.373763,114.110281,新界
惠康,荃灣,荃威花園,荃景圍荃威花園1期9A舖   ,08:00-23:00,,22.37807,114.107519,新界
惠康,荃灣,英皇娛樂廣場2,荃灣眾安街55號英皇娛樂廣場地庫   ,08:00-23:00,,22.369902,114.116756,新界
惠康,荃灣,石圍角,荃灣石圍角村停車場大樓地下   ,08:00-23:00,,22.369912,114.114431,新界
惠康,荃灣,悅來酒店,荃灣荃華街3號悅來酒店悅來坊地下G33號舖   ,08:00-23:00,,22.369095,114.120719,新界
惠康,荃灣,梨木樹2,荃灣葵涌梨木樹村商場1樓127號舖   ,08:00-23:00,,22.36685,114.130259,新界
惠康,荃灣,華都中心,荃灣西樓角路華都中心地下   ,08:00-23:00,,22.371633,114.119633,新界
惠康,荃灣,路德圍,荃灣路德圍57-61號地下   ,08:00-23:00,,22.373016,114.115614,新界
惠康,荃灣,蔚景花園,荃灣青山道520 號蔚景花園地下1及2號舖   ,08:00-23:00,,22.373406,114.102958,新界
惠康,荔枝角,荔枝角,九龍荔枝角道324-330號地下   ,08:00-23:00,,22.328659,114.160782,新界
惠康,葵涌,上葵涌,新界上葵涌和宜合道20號地下   ,08:00-23:00,,22.365153,114.13593,新界
惠康,葵涌,金山,新界葵涌華景山莊商業中心1樓2號   ,08:00-23:00,,22.360111,114.128171,新界
惠康,葵涌,葵涌超級廣場,新界葵涌葵涌商場2樓213號舖   ,08:00-23:00,,22.367432,114.127705,新界
惠康,葵涌,葵盛西,新界葵涌葵盛 西    村商場 2 樓 29-31號舖   ,08:00-23:00,,,,新界
惠康,葵涌,葵盛,新界葵涌葵盛東村葵盛購物商場 1樓 129號舖   ,08:00-23:00,,,,新界
惠康,葵涌,葵興,新界葵涌葵興村購物中心9號地下   ,08:00-23:00,,22.363056,114.131207,新界
惠康,葵涌,和宜合道,葵涌和宜合道50-56號地下   ,08:00-23:00,,22.36698,114.138963,新界
惠康,葵涌,安蔭,葵涌安蔭村安蔭購物中心地下   ,08:00-23:00,,,114.130259,新界
惠康,葵涌,石籬,葵涌石籬 第一    村石秀樓2號地下   ,08:00-23:00,,22.36685,114.130259,新界
惠康,葵涌,石籬2,葵涌石籬村第2期石籬購物商場地下11號舖   ,08:00-23:00,,22.36685,114.130259,新界
惠康,葵涌,石蔭,葵涌石蔭梨木村道118號地下   ,08:00-23:00,,22.370971,114.13834,新界
惠康,葵涌,新葵興,"葵涌興芳道166-174號新葵興商場9-22, 26-34號   ",08:00-23:00,,22.363047,114.131609,新界
惠康,葵涌,葵芳購物中心,葵涌葵芳購物中心地下2號   ,08:00-23:00,,22.36685,114.130259,新界
惠康,西貢,匯八坊,九龍清水灣道8號匯八坊地庫一層   ,08:00-23:00,,22.333995,114.209801,新界
惠康,西貢,西貢花園,九龍西貢西貢花園1樓A   ,08:00-23:00,,22.357782,114.237032,新界
惠康,西貢,翠塘花園,西貢翠塘路1號翠塘花園地下1-9號   ,08:00-23:00,,22.379066,114.269922,新界
惠康,西貢,匡湖居,西貢蠔涌地段西貢公路380號匡湖居購物中心 A1至A10號   ,08:00-23:00,,,,新界
惠康,離島,嘉輝花園,"坪洲寶坪街12號嘉輝花園地下11-13, 15-16, 31-33號舖   ",08:00-23:00,,22.285537,114.037479,新界
惠康,離島,富東,大嶼山東涌富東村富東購物中心1樓107號   ,08:00-23:00,,22.266498,113.941751,新界
惠康,離島,銀礦灣,大嶼山梅窩銀灣道2號家樂閣地下   ,08:00-23:00,,22.263924,114.001645,新界
惠康,離島,逸東超級廣場,東涌逸東商場1樓 108-110 舖   ,08:00-23:00,,22.281466,113.934781,新界
惠康,離島,長洲,長洲新興街89-91號1樓ABC座地下   ,08:00-23:00,,22.210744,114.028523,新界
惠康,青衣,長康,新界青衣長康村長康商場地下 103 號舖   ,08:00-23:00,,,,新界
惠康,青衣,青衣,新界青衣青衣村青衣商場 2 樓 4 號舖   ,08:00-23:00,,22.358487,114.107261,新界
惠康,青衣,美景,青衣美景花園商業中心北座第2期26-27號   ,08:00-23:00,,,,新界
惠康,青衣,長亨,青衣長亨村長亨商場LG202號   ,08:00-23:00,,,,新界
惠康,青衣,長青,青衣長青村長青商業中心地下T1-T5號   ,08:00-23:00,,22.347687,114.110697,新界
惠康,青衣,宏福,青衣青敬路75號宏福花園南邊地下   ,08:00-23:00,,22.355298,114.107605,新界
惠康,青衣,偉景花園,青衣青綠街偉景花園商業中心1-7號地下   ,08:00-23:00,,22.352795,114.104405,新界
惠康,上環,上環,皇后大道西 2 -12 號地下   ,08:00-23:00,,22.286203,114.148214,香港
惠康,中環,交易廣場,香港中環干諾道8號交易廣場3號2樓   ,08:00-23:00,,22.396428,114.109497,香港
惠康,中環,安泰大廈,香港中環德輔道中173號及干諾道中84-86號南豐大廈地下   ,08:00-23:00,,22.285969,114.154444,香港
惠康,中環,中央大廈,香港皇后大道中270-276號中央大廈地下A 號舖   ,08:00-23:00,,22.28441,114.150758,香港
惠康,中環,中環,香港皇后大道中84-90號華光勵精中心地庫   ,08:00-23:00,,22.283298,114.15529,香港
惠康,北角,水星街,北角水星街 2-9 號耀星華庭地下 2-9 號舖,08:00-23:00,,,,香港
惠康,北角,北角,北角英皇道 338 號華懋交易廣場地下,08:00-23:00,,22.290325,114.197416,香港
惠康,北角,金福,"北角英皇道?魚涌新威園地下 989-992號, Shop B   ",08:00-23:00,,22.285905,114.212131,香港
惠康,北角,健康,香港北角七姊妹道188號健康村B號   ,08:00-23:00,,22.291391,114.20609,香港
惠康,北角,康澤花園超級廣場,香港北角英皇道238號康澤花園地下   ,08:00-23:00,,22.288056,114.194035,香港
惠康,北角,新都城超級廣場,香港北角英皇道416-426號新都城大廈   ,08:00-23:00,,22.290577,114.19947,香港
惠康,北角,港濤軒,香港北角馬寶道33號地下G10-13號   ,08:00-23:00,,22.292059,114.200703,香港
惠康,北角,兆文閣,香港北角堡壘街7-9號兆文閣地下   ,08:00-23:00,,22.289785,114.196196,香港
惠康,半山,嘉威花園,般含道1號嘉威花園地下   ,08:00-23:00,,,114.146518,香港
惠康,半山,般含道,香港半山般含道66B嘉麗苑地下A & B號舖   ,08:00-23:00,,22.396428,114.143406,香港
惠康,半山,西摩道,香港半山西摩台1號地下及地庫   ,08:00-23:00,,22.28098,114.150456,香港
惠康,半山,堅道,香港堅道99號地下A號舖   ,08:00-23:00,,22.282474,114.151077,香港
惠康,天后,天后,香港天后廟道4號地下A室   ,08:00-23:00,,22.282033,114.192225,香港
惠康,太古城,泰山,香港太古城泰山大廈地下G3 & G4室   ,08:00-23:00,,22.396428,114.109497,香港
惠康,柴灣,小西灣,香港柴灣小西灣商場109室   ,08:00-23:00,,22.262514,114.248763,香港
惠康,柴灣,峰華,香港柴灣峰華村曉峰樓地下 1-4 號舖   ,08:00-23:00,,22.316663,113.936731,香港
惠康,柴灣,環翠超級廣場,香港柴灣環翠村環翠商場 3 樓   ,08:00-23:00,,22.262759,114.237609,香港
惠康,柴灣,興華,香港柴灣興華村第二期地下   ,08:00-23:00,,22.262306,114.235424,香港
惠康,柴灣,永利,"香港柴灣道333號永利中心地下46-78, 80-87室   ",08:00-23:00,,22.263639,114.238343,香港
惠康,淺水灣,淺水灣購物中心,香港淺水灣淺水灣購物中心128G   ,08:00-23:00,,22.23732,114.197154,香港
惠康,淺水灣,西灣河,香港筲箕灣太祥街4-7號太樂樓地下   ,08:00-23:00,,22.284186,114.220609,香港
惠康,灣仔,莊士敦道,莊士敦道18號嘉寧大廈   ,08:00-23:00,,22.276984,114.169992,香港
惠康,灣仔,灣仔,香港灣仔莊士敦道194-204號地庫   ,08:00-23:00,,22.277172,114.176025,香港
惠康,灣仔,軒尼詩道,香港灣仔軒尼詩道418-428號地庫   ,08:00-23:00,,22.279032,114.180903,香港
惠康,灣仔,樂基中心,香港灣仔道165-171號樂基中心地庫   ,08:00-23:00,,22.276901,114.177048,香港
惠康,筲箕灣,峻峰花園,香港筲箕灣峻峰花園地下3號舖   ,08:00-23:00,,22.278829,114.228625,香港
惠康,筲箕灣,耀東,香港筲箕灣耀東村耀東購物中心一樓102號   ,08:00-23:00,,22.279189,114.228921,香港
惠康,筲箕灣,新成,香港筲箕灣道241-249號地下   ,08:00-23:00,,22.279769,114.225987,香港
惠康,筲箕灣,高威2,柴灣道111號東港城商場一樓   ,08:00-23:00,,,,香港
惠康,薄扶林,美景臺,香港域多利道18-20號 美景臺地下   ,08:00-23:00,,22.28191,114.123721,香港
惠康,薄扶林,華富1,香港華富村商場第一期120-140號   ,08:00-23:00,,22.396428,114.109497,香港
惠康,薄扶林,華富2,香港華富村商場第一期地庫25-37號舖   ,08:00-23:00,,22.396428,114.109497,香港
惠康,薄扶林,華景,香港華富村商業中心25-27室   ,08:00-23:00,,22.396428,114.109497,香港
惠康,西環,寶翠園超級廣場,卑路乍街8號西寶城3樓   ,08:00-23:00,,22.285141,114.133203,香港
惠康,西環,創業中心,西環德輔道西402-404號創業中心商場地下G21 - G43號舖   ,08:00-23:00,,22.286671,114.13675,香港
惠康,西環,西環,香港北街21號海怡花園地下3-4號   ,08:00-23:00,,22.283281,114.129135,香港
惠康,西環,域多利道,香港堅尼地城域多利道1號百年大廈2座3-7號   ,08:00-23:00,,22.281745,114.126023,香港
惠康,西環,石塘咀,香港皇后大道西562-566號厚福大廈地下及1樓   ,08:00-23:00,,22.28615,114.133689,香港
惠康,西環,西營盤,香港西營盤第一街63-65號地下   ,08:00-23:00,,22.286549,114.142261,香港
惠康,赤柱,赤柱村,香港赤柱村道88號地下   ,08:00-23:00,,22.218283,114.213342,香港
惠康,銅鑼灣,跑馬地,香港跑馬地成和道13-19號地下   ,08:00-23:00,,22.26967,114.185233,香港
惠康,銅鑼灣,禮頓,香港銅鑼灣禮頓道禮頓中心37-45號地下   ,08:00-23:00,,22.277618,114.182996,香港
惠康,銅鑼灣,銅鑼灣超級廣場,香港銅鑼灣記利佐治街25-29號   ,08:00-23:00,,22.280508,114.185836,香港
惠康,銅鑼灣,謝斐道,香港銅鑼灣謝斐道503-505號地下   ,08:00-23:00,,22.281107,114.183185,香港
惠康,銅鑼灣,城市花園 2,"香港電氣道233號,城市花園商場第七座地下,20,21,23,24,26-28,30-33號舖堻‘鱁茬麚q道   ",08:00-23:00,,22.290526,114.192963,香港
惠康,銅鑼灣,勵德,香港大坑勵德村道4-14號勵德村村榮樓地下   ,08:00-23:00,,22.396428,114.109497,香港
惠康,香港仔,利港中心,香港仔成都道38號利港中心地庫A號舖   ,08:00-23:00,,22.249023,114.155001,香港
惠康,?魚涌,康怡,香港?魚涌康怡花園第1期1室   ,08:00-23:00,,22.282778,114.216389,香港
惠康,?魚涌,英皇道,香港?魚涌英皇道901-907號地下E   ,08:00-23:00,,22.289372,114.210309,香港
惠康,鴨?洲,鴨?洲,香港鴨利洲大街127-139號高寶閣地下   ,08:00-23:00,,22.396428,114.109497,香港
大昌食品,九龍城,紅磡灣,"九龍紅磡必嘉街92-112號紅磡灣中心地下7A,7B &7C 號",  8:30AM - 9:00PM    ,23331858,22.305748,114.18505,九龍
大昌食品,九龍城,樂富,九龍橫頭磡樂富廣場1樓1117號舖,  8:30AM - 9:00PM    ,27947971,22.337372,114.187434,九龍
大昌食品,九龍城,馬頭圍,九龍土瓜灣馬頭圍村洋葵樓地下 119A 號舖,   8:00AM - 9:30PM    ,27118332,22.322492,114.187479,九龍
大昌食品,九龍城,石硤尾,九龍石硤尾村美山樓地下 8 號舖,   8:00AM - 9:00PM    ,27790414,22.332317,114.165511,九龍
大昌食品,九龍城,昇御門,九龍漆咸道北388號昇御商場地下G06-8號舖,   10:00AM - 8:00PM    ,23957099,22.311129,114.186232,九龍
大昌食品,油塘,油麗,九龍油塘油麗商場地下8號,  8:30AM - 9:00PM    ,26739838,22.298582,114.236991,九龍
大昌食品,油塘,鯉魚門,九龍油塘鯉魚門廣場1/F 147號舖,  8:30AM - 9:00PM    ,27176100,22.29632,114.239411,九龍
大昌食品,油尖旺,奧海城,九龍海泓道1號奧海城3期UG/F UG100號舖,   9:00AM - 9:00PM    ,27153281,,,九龍
大昌食品,深水?,寶熙苑,九龍深水?順寧道寶熙苑商場地下 4 號舖,   8:00AM - 8:30PM    ,27081983,22.336645,114.159603,九龍
大昌食品,藍田,啟田村,九龍藍田啟田道63號啟田村商場地下 3號舖,   8:30AM - 8:30PM    ,23790541,22.309301,114.233751,九龍
大昌食品,藍田,德田,九龍藍田碧雲道223號德田商場2樓203&204號舖 ,   8:30AM - 8:30PM    ,23491870,22.309384,114.238611,九龍
大昌食品,觀塘,麗港城,九龍官塘茶果嶺道88號麗港城廣場地庫一B10及B12號,  8:30AM - 9:00PM    ,23790772,22.306942,114.228015,九龍
大昌食品,觀塘,坪石村,九龍坪石村玉石樓地下 121-124 號舖 ,  8:30AM - 9:00PM    ,23217559,22.333543,114.209619,九龍
大昌食品,觀塘,彩虹村,九龍彩虹村金碧樓地下 13 號舖 ,   8:30AM - 8:30PM    ,23228789,22.335265,114.205405,九龍
大昌食品,觀塘,啟業村,九龍啟業村啟賢樓地下 3A 號舖 ,  8:00AM - 9:00PM    ,27596950,22.329013,114.209136,九龍
大昌食品,觀塘,秀茂坪,九龍觀塘秀茂坪村秀茂坪村商場2樓208號舖 ,8:30AM - 9:00PM    ,23548664,22.318773,114.234234,九龍
大昌食品,觀塘,彩雲村,九龍牛池灣彩雲一村彩雲商場3期B104號,  8:30AM - 9:00PM    ,27026090,,,九龍
大昌食品,元朗,頌富,新界天水圍頌富廣場1樓133號舖,   8:30AM - 9:00PM    ,22531237,22.461387,113.997781,新界
大昌食品,元朗,朗屏村,新界元朗朗屏村鏡屏樓地下 M1-2 號,   9:00AM - 9:30PM    ,24769929,22.449724,114.023371,新界
大昌食品,元朗,元朗康德閣,新界元朗牡丹街15-23號康德閣地下10號舖 ,  8:00AM - 8:30PM    ,24755222,22.442849,114.029369,新界
大昌食品,元朗,新天瑞,天水圍天瑞村天瑞廣場地下G21鋪,   8:00AM - 9:00PM    ,24462084,22.460642,114.0042,新界
大昌食品,北區,彩園,新界上水彩園?彩園廣場地下G8 & G9號舖,   8:00AM - 9:00PM    ,26714546,46.002712,-92.649588,新界
大昌食品,北區,碧湖花園,粉嶺一鳴路15號碧湖花園高層17及18A舖,   8:30am-8:30pm    ,24337919,22.4874,114.143312,新界
大昌食品,北角,北角健威坊,香港北角英皇道560號健威坊L45號舖,   8:30AM - 9:00PM    ,25616821,22.291919,114.202927,新界
大昌食品,北角,北角堡壘街,香港北角堡壘街7-9號兆文閣地下1-2號舖,   8:30AM - 8:30PM    ,25089810,22.289785,114.196196,新界
大昌食品,大埔,大元村,新界大埔大元村商場地下 103-104 號舖,   8:00AM - 9:00PM    ,26678670,,,新界
大昌食品,大埔,運頭塘,新界大埔運頭塘村運頭塘商場地下13B舖 ,   8:30AM - 9:30PM    ,26388689,,,新界
大昌食品,大埔,大埔寶鄉街,新界大埔寶鄉街49號地下C舖,   8:30AM - 8:30PM    ,26381331,22.447785,114.166119,新界
大昌食品,將軍澳,東港城,將軍澳重華路八號東港城2樓238A舖,   9:00AM - 9:30PM    ,26286120,22.315967,114.26597,新界
大昌食品,將軍澳,將軍澳中心,新界將軍澳將軍澳中心地下G26號舖 ,  8:30AM - 9:00PM    ,34174411,22.307604,114.257641,新界
大昌食品,將軍澳,景林村,九龍將軍澳景林村景松樓地下 8 號舖,   8:30AM - 8:30PM    ,27018983,22.320511,114.260949,新界
大昌食品,將軍澳,翠林村,九龍將軍澳翠林村秀林樓地下 103-104 號舖,   8:30AM - 8:30PM    ,27061205,22.322073,114.248593,新界
大昌食品,將軍澳,寶林村,九龍將軍澳寶琳村寶勤樓地下 108-109 號舖 ,  8:30AM - 9:00PM    ,27061899,,,新界
大昌食品,將軍澳,將軍澳都會?,"新界將軍澳景嶺路8號,都會?二樓35號舖",   9:00AM - 9:30PM    ,27997770,22.304082,114.252046,新界
大昌食品,屯門,山景村,新界屯門山景村商場 2 樓 202-203 號舖,   9:00AM - 9:00PM    ,24630779,,,新界
大昌食品,屯門,良景村,新界屯門良景村商場 2 樓 214 號舖,   8:30AM - 9:30PM    ,24630776,,,新界
大昌食品,屯門,屯門時代廣場,新界屯門時代廣場南翼2樓1號舖 ,  9:30AM - 10:00PM    ,26186531,22.392256,113.975841,新界
大昌食品,屯門,海麗花園,新界屯門良德街12號海麗花園地下05號舖,,24706066,22.407557,113.968262,新界
大昌食品,屯門,友愛街市,香港屯門愛勇街12號友愛街市地下D-1101號 ,  8:00AM - 8:30PM    ,25233620,22.388214,113.974512,新界
大昌食品,東涌,東涌富東商場,新界東涌富東村富東商場 1 樓 116號舖 ,  8:30AM - 8:30PM    ,21091225,,,新界
大昌食品,東涌,東涌逸東村,新界東涌逸東街8號逸東村逸東商場地下22號舖 ,  8:30AM - 8:30PM    ,26492110,22.279696,113.934563,新界
大昌食品,沙田,禾輋商場,新界沙田禾輋商場 2 樓 210 號舖,   8:00AM - 9:30PM    ,26997750,22.387495,114.195638,新界
大昌食品,沙田,第一城,新界沙田銀城街2號沙田第一城銀城商場地下99-100號舖,   8:30AM - 9:00PM    ,26352390,22.387148,114.202776,新界
大昌食品,沙田,隆亨村,新界沙田隆亨村商場地下119號舖,   8:00AM - 9:00PM    ,26873519,22.37713,114.19744,新界
大昌食品,沙田,廣源村,新界沙田廣源村商場第一座 2 號舖,   8:00AM - 9:00PM    ,26489549,,,新界
大昌食品,沙田,顯徑村,新界沙田顯徑村商場地下 104-105 號舖,   8:00AM - 9:00PM    ,26093042,,,新界
大昌食品,沙田,銀禧,新界火炭樂景街2-18號銀禧薈3樓301-303號舖, 8:30AM - 8:30PM    ,23411618,22.397227,114.199991,新界
大昌食品,荃灣,荃灣河背街,荃灣河背街47號地舖,   8:00am-8:30pm    ,26972390,22.368919,114.115216,新界
大昌食品,荃灣,大窩口,新界葵涌大窩口村大窩口商場1樓C1-C4號舖,   8:30AM - 8:30PM    ,24112320,22.370758,114.124951,新界
大昌食品,荔枝角,宇晴匯,九龍荔枝角深盛路9號宇晴匯2樓64-65號舖,   9:00AM - 9:00PM    ,22649120,22.335354,114.149505,新界
大昌食品,葵涌,石籬村,新界葵涌石籬商場二期二樓221號舖,   8:00AM - 8:30PM    ,24297706,22.364943,114.138357,新界
大昌食品,青衣,長發村,新界青衣長發村長發商場街市 4 號舖,   7:30AM - 8:30PM    ,24357484,,,新界
大昌食品,上環,信德中心,香港上環幹諾道中200號信德中心3樓321號舖,   10:00AM - 8:00PM    ,25470838,22.396428,114.109497,香港
大昌食品,柴灣,漁灣村,香港柴灣漁灣村漁順樓地下 1 號,8:30AM - 9:00PM,28980321,22.266339,114.240867,香港
大昌食品,柴灣,環翠村,香港柴灣環翠村商場二字樓S12及S13號舖 ,8:30AM - 9:00PM,25571920,22.264625,114.237139,香港
大昌食品,筲箕灣,愛東村,香港筲箕灣愛東村愛東商場109號舖,   9:00AM - 9:00PM    ,25690401,22.396428,114.109497,香港
大昌食品,筲箕灣,筲箕灣,香港筲箕灣耀興路興東村興東商場2座LG6地下1號鋪 ,  8:30AM - 8:30PM,24877323,22.27895,114.22226,香港
大昌食品,筲箕灣,藍灣廣場,香港小西灣小西灣道28號藍灣廣場1樓5號舖,   9:00AM - 9:00PM    ,25052275,22.266615,114.250492,香港
大昌食品,薄扶林,置富南區廣場,香港薄扶林薄扶林道置富南區廣場4樓405舖,   8:30AM - 9:00PM    ,28757715,22.396428,114.109497,香港
大昌食品,西環,第二街,香港西營盤第二街 68 號裕新大廈地下 1 號舖,   8:00AM - 8:30PM    ,25479792,22.286033,114.14156,香港
大昌食品,西環,堅拿道西,香港灣仔堅拿道西 15 號永德大廈 G1-3 舖,   8:00AM - 9:30PM    ,25732596,22.278003,114.180834,香港
大昌食品,西環,士美菲路,香港西環科士街34號士美菲路45號聯德新樓地下A2及B1舖 ,  8:30AM - 8:30PM,28726255,22.281409,114.128371,香港
大昌食品,銅鑼灣,跑馬地,香港跑馬地集祥街2-20號景祥大廈地下6號舖,   8:30AM - 8:00PM    ,25756150,22.268897,114.185415,香港
大昌食品,香港仔,香港仔中心,香港香港仔香港仔中心五期地下5號舖,   8:30AM - 8:30PM    ,25533681,22.250338,114.174059,香港
大昌食品,?魚涌,?魚涌,香港?魚涌英皇道1065號東達中心B1號舖    ,  8:30AM - 9:00PM,25907189,22.285066,114.214161,香港
大昌食品,?魚涌,鴨?洲利東村,香港香港仔鴨?洲利東村一期商場二樓202-203舖 ,  8:30AM - 9:00PM    ,28748843,22.241076,114.155837,香港
大昌食品,九龍城,何文田,九龍何文田佛光街80號何文田廣場3樓317A & 317B號舖,   8:30AM - 8:30PM    ,23651575,22.316319,114.18194,九龍
大昌食品,九龍城,侯王道,九龍九龍城侯王道 7 號舖地下 ,  8:30AM - 9:00PM    ,27186145,22.327918,114.188505,九龍
大昌食品,九龍城,梭椏道,九龍何文田梭椏道 7 號地下 ,  8:30AM - 8:30PM    ,27629419,22.318849,114.175245,九龍
大昌食品,九龍城,愛民村,九龍何文田愛民村康民樓地下 5 號舖 ,  8:00AM - 8:00PM    ,27629400,22.313161,114.178838,九龍
大昌食品,觀塘,樂華,九龍牛頭角振華道70號樂華北商場3樓315號舖,   8:30AM - 9:00PM    ,27599911,,,九龍
大昌食品,觀塘,竹園?,九龍竹園南?竹園南商場1樓103舖,   8:30AM - 9:00PM    ,23268021,22.318567,114.179606,九龍
大昌食品,觀塘,順利村,九龍觀塘順利村利業樓地下D07號舖,   8:30AM - 8:30PM    ,23421904,22.331828,114.225614,九龍
大昌食品,黃大仙,慈雲山中心,九龍黃大仙毓華街23號慈雲山中心2樓204舖 ,  8:00AM - 8:30PM    ,22677360,22.348177,114.200586,九龍
大昌食品,元朗,天耀村,新界元朗天水圍天耀村商場地下 30-31 號舖,   8:30AM - 9:30PM    ,24454744,,,新界
大昌食品,北區,嘉福村,新界粉嶺嘉福村嘉福商場10號舖 ,  9:00AM - 8:30PM    ,26691925,22.491737,114.138477,新界
大昌食品,北區,祥華街市,新界粉嶺祥華村祥華商場街市42及43號檔,   8:30AM - 8:30PM    ,26765553,,,新界
大昌食品,北區,清河,新界上水清河村清河商場8 號舖,   8:30AM - 9:00PM    ,26711291,,,新界
大昌食品,大埔,太和村,新界大埔太和?太和街市68&72號舖 ,  8:00AM - 8:30PM    ,26385262,22.451217,114.161763,新界
大昌食品,大埔,富善村,新界大埔富善村商場地下 G7&G12 號舖,   8:00AM - 9:00PM    ,26622765,,,新界
大昌食品,大埔,廣福村,新界大埔廣福村廣仁樓地下15-18 號舖 ,  8:00AM - 9:00PM    ,26383547,22.448927,114.175156,新界
大昌食品,沙田,琣w村,新界沙田馬鞍山琣w村商場226號舖,   8:00AM - 8:30PM    ,26333814,22.417319,114.225701,新界
大昌食品,沙田,博康村,新界沙田博康村博裕樓地下8號舖,   7:30AM - 8:00PM    ,26482035,22.375502,114.193924,新界
大昌食品,沙田,頌安村,新界沙田馬鞍山頌安商場一樓137號舖,   8:00AM - 8:30PM    ,26316341,22.421882,114.226597,新界
大昌食品,荃灣,梨木樹,新界荃灣梨木樹商場一樓122號舖,   8:00AM - 8:00PM    ,34469055,22.37805,114.136509,新界
大昌食品,葵涌,葵盛東商場,新界葵涌葵盛東村葵盛東商場一樓128號舖,   8:30AM - 9:00PM    ,24395567,,,新界
大昌食品,葵涌,石蔭商場,新界葵涌石蔭村石蔭商場地下12-13號舖,   8:30AM - 9:00PM    ,22765475,22.371558,114.138592,新界
大昌食品,筲箕灣,小西灣,香港小西灣商場地下74號舖    ,   8:30AM - 9:00PM,22944123,22.262514,114.251314,香港
